2025-10-18 01:07:29,curry@gmail.com,Stpehn Curry,hi,greeting,"Hi Stpehn, Iâ€™m Skonnect Chatbot â€” how can I help you today?",meta
2025-10-18 01:07:48,curry@gmail.com,Stpehn Curry,hi skonnect...office hours,greeting,"Hi Stpehn, Iâ€™m Skonnect Chatbot â€” how can I help you today?",meta
2025-10-18 01:08:01,curry@gmail.com,Stpehn Curry,skonnect office hours?,faq_typo_match,"Hi Stpehn, Sure â€” Office hours: 08:00AM-05:00PM. Happy to show more info â€” just ask which one.",faq
2025-10-18 01:08:23,curry@gmail.com,Stpehn Curry,upcoming events?,Youth Empowerment,"Hi Stpehn, Hi Stpehn, Based on your interests in Sports Development, Iâ€™ve also included relevant general events under 'General Administration'.

Here are 3 event(s):

ğŸ“Œ SK-LYMPICS 2025 (SK OLYMPICS) (Sports Development)
ğŸ“ To gather our young people in the barangay to engage themselves in pageant and sports activities in line with Araw ng Barangay.
ğŸ¯ Expected Result: 
ğŸ“… Implementation: 
ğŸ‘¥ Responsible: 
ğŸ”– Reference: 3000.0

ğŸ“Œ Honorarium (General Administration)
ğŸ“ Pursuant to RA No. 11768.
ğŸ¯ Expected Result: 
ğŸ“… Implementation: 
ğŸ‘¥ Responsible: 
ğŸ”– Reference: 

ğŸ“Œ KK General Assembly (General Administration)
ğŸ“ General Assembly will be conducted twice a year for updates and monitoring.
ğŸ¯ Expected Result: 
ğŸ“… Implementation: 
ğŸ‘¥ Responsible: 
ğŸ”– Reference: 1000.0

â”€â”€â”€â”€â”€â”€â”€â”€â”€â”€â”€â”€â”€â”€â”€â”€â”€â”€â”€â”€â”€â”€â”€â”€â”€â”€â”€â”€
ğŸ“… *Here are some upcoming events related to your interests (Sports Development, General Administration) and general events:*

ğŸ“Œ MLBB (General)
ğŸ“ dsasdas
ğŸ“… August 27, 2025
ğŸ“ gym

ğŸ“Œ election (General)
ğŸ“ sampfkadsfdlk
ğŸ“… August 29, 2025
ğŸ“ sample

ğŸ“Œ sample (General)
ğŸ“ sample
ğŸ“… September 6, 2025
ğŸ“ gym

ğŸ“Œ nisrine (General)
ğŸ“ dcgvhjkjghjn
ğŸ“… October 10, 2025
ğŸ“ fmo

ğŸ“Œ janjan (General)
ğŸ“ sdfghj
ğŸ“… October 17, 2025
ğŸ“ kjhkjhkjh",event
2025-10-18 01:16:21,curry@gmail.com,Stpehn Curry,What is the role of the SK Council in Barangay Buhangin?,faq_typo_match,"Hi Stpehn, The role of the SK Council in Barangay Buhangin is to plan, initiate, and implement PPAs (Programs, Projects, and Activities) that promote youth welfare and development, aim to empower the youth, and equip them with necessary skills and abilities for involvement in nation-building.",faq
2025-10-18 01:16:29,curry@gmail.com,Stpehn Curry,Show me upcoming events related to Basketball?,Youth Empowerment,"Hi Stpehn, Based on your interests in Sports Development, Iâ€™ve also included relevant general events under 'General Administration'.

Here are 3 event(s):

ğŸ“Œ SK-LYMPICS 2025 (SK OLYMPICS) (Sports Development)
ğŸ“ To gather our young people in the barangay to engage themselves in pageant and sports activities in line with Araw ng Barangay.
ğŸ¯ Expected Result: 
ğŸ“… Implementation: 
ğŸ‘¥ Responsible: 
ğŸ”– Reference: 3000.0

ğŸ“Œ Honorarium (General Administration)
ğŸ“ Pursuant to RA No. 11768.
ğŸ¯ Expected Result: 
ğŸ“… Implementation: 
ğŸ‘¥ Responsible: 
ğŸ”– Reference: 

ğŸ“Œ KK General Assembly (General Administration)
ğŸ“ General Assembly will be conducted twice a year for updates and monitoring.
ğŸ¯ Expected Result: 
ğŸ“… Implementation: 
ğŸ‘¥ Responsible: 
ğŸ”– Reference: 1000.0

â”€â”€â”€â”€â”€â”€â”€â”€â”€â”€â”€â”€â”€â”€â”€â”€â”€â”€â”€â”€â”€â”€â”€â”€â”€â”€â”€â”€
ğŸ“… *Here are some upcoming events related to your interests (Sports Development, General Administration) and general events:*

ğŸ“Œ MLBB (General)
ğŸ“ dsasdas
ğŸ“… August 27, 2025
ğŸ“ gym

ğŸ“Œ election (General)
ğŸ“ sampfkadsfdlk
ğŸ“… August 29, 2025
ğŸ“ sample

ğŸ“Œ sample (General)
ğŸ“ sample
ğŸ“… September 6, 2025
ğŸ“ gym

ğŸ“Œ nisrine (General)
ğŸ“ dcgvhjkjghjn
ğŸ“… October 10, 2025
ğŸ“ fmo

ğŸ“Œ janjan (General)
ğŸ“ sdfghj
ğŸ“… October 17, 2025
ğŸ“ kjhkjhkjh",event
2025-10-18 01:24:52,curry@gmail.com,Stpehn Curry,What is the role of the SK Council in Barangay Buhangin?,faq_typo_match,"Hi Stpehn, SK Council in Brgy. Buhangin is to plan, initiate, and implement PPAs (Programs, Projects, and Activities) that promote youth welfare and development, aim to empower the youth, and equip them with necessary skills and abilities for involvement in nation-building. If that helps, tell me which one you want more details about.",faq
2025-10-18 01:25:06,curry@gmail.com,Stpehn Curry,What is the role of the SK Council in Barangay Buhangin?,faq_typo_match,"Hi Stpehn, SK Council in Brgy. Buhangin is to plan, initiate, and implement PPAs (Programs, Projects, and Activities) that promote youth welfare and development, aim to empower the youth, and equip them with necessary skills and abilities for involvement in nation-building. You can ask me for details or other interests anytime.",faq
2025-10-18 01:25:22,curry@gmail.com,Stpehn Curry,Who are the current SK officials in Brgy. Buhangin?,faq_typo_match,"Hi Stpehn, SK Chairman: RIZZA MAE BUSBOSO; SK Members: CRISTINA MAE VERZON, NORIEL R. CABAEL, ARA P. PABELONIA, LADY LEE P. BALIONG, JAY NITH M. TAN, MARK JAMES B. ASUMBRADO, JUDE FRITZ P. SALVALEON; SK Secretary: JOHN VINCENT P. CLOMA; SK Treasurer: JOY MAE E. PATALINGHOG. You can ask me for details or other interests anytime.",faq
2025-10-18 01:25:26,curry@gmail.com,Stpehn Curry,Where is the SK office located in the barangay?,faq_typo_match,"Hi Stpehn, Km. 6 San Francisco St. Brgy. Buhangin Proper, Davao City. You can ask me for details or other interests anytime.",faq
2025-10-18 01:25:31,curry@gmail.com,Stpehn Curry,What are the office hours of the SK Council?,faq_typo_match,"Hi Stpehn, 08:00 AM - 05:00 PM",faq
2025-10-18 01:25:35,curry@gmail.com,Stpehn Curry,How can I contact the SK Chairperson or SK officials?,faq_typo_match,"Hi Stpehn, SK Chairperson or SK officials",faq
2025-10-18 01:25:42,curry@gmail.com,Stpehn Curry,How do I know about upcoming SK activities and announcements?,faq_typo_match,"Hi Stpehn, SK Council activities and announcements are open from 8:00am to 5:00pm. We also have our respective Group Chats to inform our youth of the upcoming programs, projects, and activities of the SK Council. If that helps, tell me which one you want more details about.",faq
2025-10-18 01:25:54,curry@gmail.com,Stpehn Curry,How old do I have to be to be part of the Katipunan ng Kabataan?,faq_typo_match,"Hi Stpehn, 15-30 years old",faq
2025-10-18 01:26:09,curry@gmail.com,Stpehn Curry,Does the SK provide sports activities like basketball or volleyball tournaments?,faq_typo_match,"Hi Stpehn, SK provides sports activities like basketball, volleyball, and rugby football every year in line with the annual celebration of Araw ng Barangay. These sports activities strongly promote inclusivity, camaraderie, and sportsmanship. If that helps, tell me which one you want more details about.",faq
2025-10-18 01:26:18,curry@gmail.com,Stpehn Curry,Show me upcoming events related to Basketball?,Youth Empowerment,"Hi Stpehn, Based on your interests in Sports Development, Iâ€™ve also included relevant general events under 'General Administration'.

Here are 3 event(s):

ğŸ“Œ SK-LYMPICS 2025 (SK OLYMPICS) (Sports Development)
ğŸ“ To gather our young people in the barangay to engage themselves in pageant and sports activities in line with Araw ng Barangay.
ğŸ¯ Expected Result: 
ğŸ“… Implementation: 
ğŸ‘¥ Responsible: 
ğŸ”– Reference: 3000.0

ğŸ“Œ Honorarium (General Administration)
ğŸ“ Pursuant to RA No. 11768.
ğŸ¯ Expected Result: 
ğŸ“… Implementation: 
ğŸ‘¥ Responsible: 
ğŸ”– Reference: 

ğŸ“Œ KK General Assembly (General Administration)
ğŸ“ General Assembly will be conducted twice a year for updates and monitoring.
ğŸ¯ Expected Result: 
ğŸ“… Implementation: 
ğŸ‘¥ Responsible: 
ğŸ”– Reference: 1000.0

â”€â”€â”€â”€â”€â”€â”€â”€â”€â”€â”€â”€â”€â”€â”€â”€â”€â”€â”€â”€â”€â”€â”€â”€â”€â”€â”€â”€
ğŸ“… *Here are some upcoming events related to your interests (Sports Development, General Administration) and general events:*

ğŸ“Œ MLBB (General)
ğŸ“ dsasdas
ğŸ“… August 27, 2025
ğŸ“ gym

ğŸ“Œ election (General)
ğŸ“ sampfkadsfdlk
ğŸ“… August 29, 2025
ğŸ“ sample

ğŸ“Œ sample (General)
ğŸ“ sample
ğŸ“… September 6, 2025
ğŸ“ gym

ğŸ“Œ nisrine (General)
ğŸ“ dcgvhjkjghjn
ğŸ“… October 10, 2025
ğŸ“ fmo

ğŸ“Œ janjan (General)
ğŸ“ sdfghj
ğŸ“… October 17, 2025
ğŸ“ kjhkjhkjh",event
2025-10-18 01:26:28,curry@gmail.com,Stpehn Curry,Are there registration fees for SK activities?,faq_typo_match,"Hi Stpehn, Registration fees for SK activities are not required.",faq
2025-10-18 01:26:40,curry@gmail.com,Stpehn Curry,How do I join SK programs or activities?,faq_typo_match,"Hi Stpehn, You can join SK Programs and Activities by contacting your SK Officials, KK Presidents of each purok, and visiting our SK Office to ask for the upcoming programs and activities. Would you like more details on any of these?",faq
2025-10-18 01:26:51,curry@gmail.com,Stpehn Curry,Does the SK support environmental programs like tree planting or clean-up drives?,faq_typo_match,"Hi Stpehn, The SK supports environmental programs like tree planting and clean-up drives.",faq
2025-10-18 01:27:03,curry@gmail.com,Stpehn Curry,How do I know about upcoming SK activities and announcements?,faq_typo_match,"Hi Stpehn, SK Council activities and announcements",faq
2025-10-18 01:28:19,curry@gmail.com,Stpehn Curry,How do I know about upcoming SK activities and announcements?,faq_typo_match,"Hi Stpehn, SK Council activities and announcements are open from 8:00am to 5:00pm. We also have our respective Group Chats to inform our youth of the upcoming programs, projects, and activities of the SK Council. Would you like more details on any of these?",faq
2025-10-18 01:29:09,curry@gmail.com,Stpehn Curry,Does the SK support environmental programs like tree planting or clean-up drives?,faq_typo_match,"Hi Stpehn, The SK supports environmental programs like tree planting and clean-up drives.",faq
2025-10-20 21:34:10,curry@gmail.com,Stpehn Curry,Show me upcoming events related to Basketball?,Youth Empowerment,"Hi Stpehn, Based on your interests in Sports Development, Iâ€™ve also included relevant general events under 'General Administration'.

Here are 3 event(s):

ğŸ“Œ SK-LYMPICS 2025 (SK OLYMPICS) (Sports Development)
ğŸ“ To gather our young people in the barangay to engage themselves in pageant and sports activities in line with Araw ng Barangay.
ğŸ¯ Expected Result: 
ğŸ“… Implementation: 
ğŸ‘¥ Responsible: 
ğŸ”– Reference: 3000.0

ğŸ“Œ Honorarium (General Administration)
ğŸ“ Pursuant to RA No. 11768.
ğŸ¯ Expected Result: 
ğŸ“… Implementation: 
ğŸ‘¥ Responsible: 
ğŸ”– Reference: 

ğŸ“Œ KK General Assembly (General Administration)
ğŸ“ General Assembly will be conducted twice a year for updates and monitoring.
ğŸ¯ Expected Result: 
ğŸ“… Implementation: 
ğŸ‘¥ Responsible: 
ğŸ”– Reference: 1000.0

â”€â”€â”€â”€â”€â”€â”€â”€â”€â”€â”€â”€â”€â”€â”€â”€â”€â”€â”€â”€â”€â”€â”€â”€â”€â”€â”€â”€
ğŸ“… *Here are some upcoming events related to your interests (Sports Development, General Administration) and general events:*

ğŸ“Œ MLBB (General)
ğŸ“ dsasdas
ğŸ“… August 27, 2025
ğŸ“ gym

ğŸ“Œ election (General)
ğŸ“ sampfkadsfdlk
ğŸ“… August 29, 2025
ğŸ“ sample

ğŸ“Œ sample (General)
ğŸ“ sample
ğŸ“… September 6, 2025
ğŸ“ gym

ğŸ“Œ nisrine (General)
ğŸ“ dcgvhjkjghjn
ğŸ“… October 10, 2025
ğŸ“ fmo

ğŸ“Œ janjan (General)
ğŸ“ sdfghj
ğŸ“… October 17, 2025
ğŸ“ kjhkjhkjh

ğŸ“Œ dddddd (General)
ğŸ“ asdasd
ğŸ“… October 23, 2025
ğŸ“ 222",event
2025-10-20 21:34:30,curry@gmail.com,Stpehn Curry,How old do I have to be to be part of the Katipunan ng Kabataan?,faq_typo_match,"Hi Stpehn, 15-30 years old",faq
2025-10-20 21:35:01,curry@gmail.com,Stpehn Curry,"Are SK projects only for youth, or can the whole community benefit?",faq_typo_match,"Hi Stpehn, PPAs are implemented and only intended for the youth. Additionally, we are also implementing PPAs that the whole Brgy Buhangin community can benefit from and enjoy. You can ask me for details or other interests anytime.",faq
2025-10-20 21:35:33,curry@gmail.com,Stpehn Curry,current SK officials?,faq_typo_match,"Hi Stpehn, SK Chairman: RIZZA MAE BUSBOSO; SK Members: CRISTINA MAE VERZON, NORIEL R. CABAEL, ARA P. PABELONIA, LADY LEE P. BALIONG, JAY NITH M. TAN, MARK JAMES B. ASUMBRADO, JUDE FRITZ P. SALVALEON; SK Secretary: JOHN VINCENT P. CLOMA; SK Treasurer: JOY MAE E. PATALINGHOG.",faq
2025-10-20 21:35:51,curry@gmail.com,Stpehn Curry,Where is the SK office located in the barangay?,faq_typo_match,"Hi Stpehn, Km. 6 San Francisco St. Brgy. Buhangin Proper, Davao City.",faq
2025-10-20 21:36:10,curry@gmail.com,Stpehn Curry,What is the role of the SK Council in Barangay Buhangin?,faq_typo_match,"Hi Stpehn, SK Council in Brgy. Buhangin is to plan, initiate, and implement PPAs (Programs, Projects, and Activities) that promote youth welfare and development, aim to empower the youth, and equip them with necessary skills and abilities for involvement in nation-building. If that helps, tell me which one you want more details about.",faq
2025-10-20 21:36:31,curry@gmail.com,Stpehn Curry,mlbb heroes,out_of_scope_faq,"Sorry, I can only answer FAQS related to the SK Council in Barangay Buhangin and events related to your interest/s.

Try asking something like:
- What is the role of the sk council in barangay buhangin
- Are there registration fees for sk activities
- Does the sk support environmental programs like tree planting or clean-up drives",faq_filter
2025-10-20 21:54:23,ian@gmail.com,Vynce Ian Oani,hi,greeting,"Hi Vynce, Iâ€™m Skonnect Chatbot â€” how can I help you today?",meta
2025-10-21 10:14:27,curry@gmail.com,Stpehn Curry,office hours?,faq_typo_match,"Hi Stpehn, 08:00 AM - 05:00 PM",faq
2025-10-21 10:15:19,curry@gmail.com,Stpehn Curry,Who are the current SK officials in Brgy. Buhangin?,faq_typo_match,"Hi Stpehn, SK Chairman: RIZZA MAE BUSBOSO; SK Members: CRISTINA MAE VERZON, NORIEL R. CABAEL, ARA P. PABELONIA, LADY LEE P. BALIONG, JAY NITH M. TAN, MARK JAMES B. ASUMBRADO, JUDE FRITZ P. SALVALEON; SK Secretary: JOHN VINCENT P. CLOMA; SK Treasurer: JOY MAE E. PATALINGHOG. If that helps, tell me which one you want more details about.",faq
2025-10-21 10:15:49,curry@gmail.com,Stpehn Curry,Where is the SK office located in the barangay?,faq_typo_match,"Hi Stpehn, SK office is located at Km. 6 San Francisco St. Brgy. Buhangin Proper, Davao City.",faq
2025-10-21 10:16:01,curry@gmail.com,Stpehn Curry,What are the office hours of the SK Council?,faq_typo_match,"Hi Stpehn, 08:00 AM - 05:00 PM",faq
2025-10-21 10:19:36,curry@gmail.com,Stpehn Curry,How can I contact the SK Chairperson or SK officials?,faq_typo_match,"Hi Stpehn, SK Chairperson or SK officials can be reached at skbuhanginproper@gmail.com.",faq
2025-10-21 10:20:10,curry@gmail.com,Stpehn Curry,What are the office hours of the SK Council?,faq_typo_match,"Hi Stpehn, 08:00 AM - 05:00 PM",faq
2025-10-21 10:28:16,curry@gmail.com,Stpehn Curry,What are the office hours of the SK Council?,faq_typo_match,"Hi Stpehn, 08:00 AM - 05:00 PM",faq
2025-10-21 10:28:28,curry@gmail.com,Stpehn Curry,How can I contact the SK Chairperson or SK officials?,faq_typo_match,"Hi Stpehn, SK Chairperson or SK officials",faq
2025-10-21 10:30:55,curry@gmail.com,Stpehn Curry,How can I contact the SK Chairperson or SK officials?,faq_typo_match,"Hi Stpehn, SK Chairperson or SK officials will be able to contact you through the following: Facebook: SK Buhangin Proper; Email: skbuhanginproper@gmail.com. Happy to show more info â€” just ask which one.",faq
2025-10-21 10:31:11,curry@gmail.com,Stpehn Curry,lmlbb events?,out_of_scope_faq,"Sorry, I can only answer FAQS related to the SK Council in Barangay Buhangin and events related to your interest/s.

Try asking something like:
- Does the sk support environmental programs like tree planting or clean-up drives
- What types of programs does the sk council usually implement
- Are sk projects only for youth or can the whole community benefit",faq_filter
2025-10-21 10:31:17,curry@gmail.com,Stpehn Curry,Show me upcoming events related to Basketball?,Youth Empowerment,"Hi Stpehn, Based on your interests in Sports Development, Iâ€™ve also included relevant general events under 'General Administration'.

Here are 3 event(s):

ğŸ“Œ SK-LYMPICS 2025 (SK OLYMPICS) (Sports Development)
ğŸ“ To gather our young people in the barangay to engage themselves in pageant and sports activities in line with Araw ng Barangay.
ğŸ¯ Expected Result: 
ğŸ“… Implementation: 
ğŸ‘¥ Responsible: 
ğŸ”– Reference: 3000.0

ğŸ“Œ Honorarium (General Administration)
ğŸ“ Pursuant to RA No. 11768.
ğŸ¯ Expected Result: 
ğŸ“… Implementation: 
ğŸ‘¥ Responsible: 
ğŸ”– Reference: 

ğŸ“Œ KK General Assembly (General Administration)
ğŸ“ General Assembly will be conducted twice a year for updates and monitoring.
ğŸ¯ Expected Result: 
ğŸ“… Implementation: 
ğŸ‘¥ Responsible: 
ğŸ”– Reference: 1000.0

â”€â”€â”€â”€â”€â”€â”€â”€â”€â”€â”€â”€â”€â”€â”€â”€â”€â”€â”€â”€â”€â”€â”€â”€â”€â”€â”€â”€
ğŸ“… *Here are some upcoming events related to your interests (Sports Development, General Administration) and general events:*

ğŸ“Œ MLBB (General)
ğŸ“ dsasdas
ğŸ“… August 27, 2025
ğŸ“ gym

ğŸ“Œ election (General)
ğŸ“ sampfkadsfdlk
ğŸ“… August 29, 2025
ğŸ“ sample

ğŸ“Œ sample (General)
ğŸ“ sample
ğŸ“… September 6, 2025
ğŸ“ gym

ğŸ“Œ nisrine (General)
ğŸ“ dcgvhjkjghjn
ğŸ“… October 10, 2025
ğŸ“ fmo

ğŸ“Œ janjan (General)
ğŸ“ sdfghj
ğŸ“… October 17, 2025
ğŸ“ kjhkjhkjh

ğŸ“Œ dddddd (General)
ğŸ“ asdasd
ğŸ“… October 23, 2025
ğŸ“ 222",event
2025-10-21 10:40:06,curry@gmail.com,Stpehn Curry,What are the office hours of the SK Council?,faq_typo_match,"Hi Stpehn, 08:00 AM - 05:00 PM",faq
2025-10-21 10:40:19,curry@gmail.com,Stpehn Curry,Where is the SK office located in the barangay?,faq_typo_match,"Hi Stpehn, Km. 6 San Francisco St. Brgy. Buhangin Proper, Davao City. You can ask me for details or other interests anytime.",faq
2025-10-21 10:40:30,curry@gmail.com,Stpehn Curry,How can I contact the SK Chairperson or SK officials?,faq_typo_match,"Hi Stpehn, SK Chairperson or SK officials",faq
2025-10-21 10:41:28,curry@gmail.com,Stpehn Curry,How can I contact the SK Chairperson or SK officials?,faq_typo_match,"Hi Stpehn, SK Chairperson or SK officials",faq
2025-10-21 10:41:28,curry@gmail.com,Stpehn Curry,How can I contact the SK Chairperson or SK officials?,faq_typo_match,"Hi Stpehn, SK Chairperson and SK officials",faq
2025-10-21 10:41:38,curry@gmail.com,Stpehn Curry,How can I contact the SK Chairperson or SK officials?,faq_typo_match,"Hi Stpehn, SK Chairperson or SK officials",faq
2025-10-21 10:42:28,curry@gmail.com,Stpehn Curry,How can I contact the SK Chairperson or SK officials?,faq_typo_match,"Hi Stpehn, SK Chairperson or SK officials can be reached at skbuhanginproper@gmail.com.",faq
2025-10-21 10:42:40,curry@gmail.com,Stpehn Curry,What are the office hours of the SK Council?,faq_typo_match,"Hi Stpehn, 08:00 AM - 05:00 PM",faq
2025-10-24 23:47:40,ian@gmail.com,Vynce Ian Oani,Show me upcoming events related to Basketball?,Youth Empowerment,"Hi Vynce, Based on your interests in Sports Development, Iâ€™ve also included relevant general events under 'General Administration'.

Here are 3 event(s):

ğŸ“Œ SK-LYMPICS 2025 (SK OLYMPICS) (Sports Development)
ğŸ“ To gather our young people in the barangay to engage themselves in pageant and sports activities in line with Araw ng Barangay.
ğŸ¯ Expected Result: 
ğŸ“… Implementation: 
ğŸ‘¥ Responsible: 
ğŸ”– Reference: 3000.0

ğŸ“Œ Honorarium (General Administration)
ğŸ“ Pursuant to RA No. 11768.
ğŸ¯ Expected Result: 
ğŸ“… Implementation: 
ğŸ‘¥ Responsible: 
ğŸ”– Reference: 

ğŸ“Œ KK General Assembly (General Administration)
ğŸ“ General Assembly will be conducted twice a year for updates and monitoring.
ğŸ¯ Expected Result: 
ğŸ“… Implementation: 
ğŸ‘¥ Responsible: 
ğŸ”– Reference: 1000.0

â”€â”€â”€â”€â”€â”€â”€â”€â”€â”€â”€â”€â”€â”€â”€â”€â”€â”€â”€â”€â”€â”€â”€â”€â”€â”€â”€â”€
ğŸ“… *Here are some upcoming events related to your interests (Sports Development, General Administration) and general events:*

ğŸ“Œ MLBB (General)
ğŸ“ dsasdas
ğŸ“… August 27, 2025
ğŸ“ gym

ğŸ“Œ election (General)
ğŸ“ sampfkadsfdlk
ğŸ“… August 29, 2025
ğŸ“ sample

ğŸ“Œ sample (General)
ğŸ“ sample
ğŸ“… September 6, 2025
ğŸ“ gym

ğŸ“Œ nisrine (General)
ğŸ“ dcgvhjkjghjn
ğŸ“… October 10, 2025
ğŸ“ fmo

ğŸ“Œ janjan (General)
ğŸ“ sdfghj
ğŸ“… October 17, 2025
ğŸ“ kjhkjhkjh",event
2025-10-24 23:49:58,ian@gmail.com,Vynce Ian Oani,Show me upcoming events related to Basketball?,Youth Empowerment,"Hi Vynce, Based on your interests in Sports Development, Iâ€™ve also included relevant general events under 'General Administration'.

Here are 3 event(s):

ğŸ“Œ SK-LYMPICS 2025 (SK OLYMPICS) (Sports Development)
ğŸ“ To gather our young people in the barangay to engage themselves in pageant and sports activities in line with Araw ng Barangay.
ğŸ¯ Expected Result: 
ğŸ“… Implementation: 
ğŸ‘¥ Responsible: 
ğŸ”– Reference: 3000.0

ğŸ“Œ Honorarium (General Administration)
ğŸ“ Pursuant to RA No. 11768.
ğŸ¯ Expected Result: 
ğŸ“… Implementation: 
ğŸ‘¥ Responsible: 
ğŸ”– Reference: 

ğŸ“Œ KK General Assembly (General Administration)
ğŸ“ General Assembly will be conducted twice a year for updates and monitoring.
ğŸ¯ Expected Result: 
ğŸ“… Implementation: 
ğŸ‘¥ Responsible: 
ğŸ”– Reference: 1000.0

â”€â”€â”€â”€â”€â”€â”€â”€â”€â”€â”€â”€â”€â”€â”€â”€â”€â”€â”€â”€â”€â”€â”€â”€â”€â”€â”€â”€
ğŸ“… *Here are some upcoming events related to your interests (Sports Development, General Administration) and general events:*

ğŸ“Œ MLBB (General)
ğŸ“ Mobile Legends Tournament
ğŸ“… August 27, 2025
ğŸ“ Barangay Gym

ğŸ“Œ Basketball (General)
ğŸ“ 5v5 basketball tournament
ğŸ“… August 28, 2025
ğŸ“ Covered Court

ğŸ“Œ Volleyball (General)
ğŸ“ Mixed volleyball tournament
ğŸ“… August 29, 2025
ğŸ“ Barangay Gym

ğŸ“Œ fdsfs (General)
ğŸ“ fds
ğŸ“… October 30, 2025
ğŸ“ dsa

ğŸ“Œ samok (General)
ğŸ“ samok
ğŸ“… October 23, 2025
ğŸ“ dsads

ğŸ“Œ skk (General)
ğŸ“ sdkkdf
ğŸ“… October 23, 2025
ğŸ“ ds

ğŸ“Œ haaaaaaaaaa (General)
ğŸ“ haaa
ğŸ“… November 13, 2025
ğŸ“ dsfsd

ğŸ“Œ nfsidnjk (General)
ğŸ“ hbnjfdnk
ğŸ“… November 5, 2025
ğŸ“ dsfd

ğŸ“Œ Seminar (General)
ğŸ“ dksfnd
ğŸ“… October 29, 2025
ğŸ“ dsamklsd",event
2025-10-25 08:26:06,nisrine.bacasmo@hcdc.edu.ph,Nisrine Bacasmo,Hello,greeting,"Hi Nisrine, Iâ€™m Skonnect Chatbot â€” how can I help you today?",meta
2025-10-25 08:27:41,ian@gmail.com,Vynce Ian Oani,cff,undetermined,"Hi Vynce, I couldn't understand that. Try asking me one of these:
- what is the role of the sk council in barangay buhangin?
- who are the current sk officials in brgy. buhangin?
- where is the sk office located in the barangay?
- what are the office hours of the sk council?
- how can i contact the sk chairperson or sk officials?",validation
2025-10-25 08:38:20,nisrine.bacasmo@hcdc.edu.ph,Nisrine Bacasmo,events guide,out_of_scope_faq,"Sorry, I can only answer FAQS related to the SK Council in Barangay Buhangin and events related to your interest/s.

Try asking something like:
- What documents are needed to join or update my kk membership
- How do i know about upcoming sk activities and announcements
- How can i register as a member of the kk",faq_filter
2025-10-25 08:39:04,nisrine.bacasmo@hcdc.edu.ph,Nisrine Bacasmo,guide,out_of_scope_faq,"Sorry, I can only answer FAQS related to the SK Council in Barangay Buhangin and events related to your interest/s.

Try asking something like:
- What health and wellness projects are available for the youth
- Can working students or youth with jobs still join sk programs
- Where is the sk office located in the barangay",faq_filter
2025-10-25 08:39:32,nisrine.bacasmo@hcdc.edu.ph,Nisrine Bacasmo,register?,faq_typo_match,"Hi Nisrine, KK is a member of the KK through registration by filling out your information through this link: https://forms.gle/6pp3fbyw7SZZeToZA or you can visit the SK Office to get your Hard Copy of Katipunan ng Kabataan Form. If that helps, tell me which one you want more details about.",faq
2025-10-25 08:58:37,nisrine.bacasmo@hcdc.edu.ph,Nisrine Bacasmo,Hi,greeting,"Hi Nisrine, Iâ€™m Skonnect Chatbot â€” how can I help you today?",meta
2025-10-25 08:59:51,nisrine.bacasmo@hcdc.edu.ph,Nisrine Bacasmo,What is the role of the SK Council in Barangay Buhangin?,faq_typo_match,"Hi Nisrine, The role of the SK Council in Barangay Buhangin is to plan, initiate, and implement PPAs (Programs, Projects, and Activities) that promote youth welfare and development, aim to empower the youth, and equip them with necessary skills and abilities for involvement in nation-building.",faq
2025-10-25 09:00:10,nisrine.bacasmo@hcdc.edu.ph,Nisrine Bacasmo,Who are the current SK officials in Brgy. Buhangin?,faq_typo_match,"Hi Nisrine, SK Chairman: RIZZA MAE BUSBOSO; SK Members: CRISTINA MAE VERZON, NORIEL R. CABAEL, ARA P. PABELONIA, LADY LEE P. BALIONG, JAY NITH M. TAN, MARK JAMES B. ASUMBRADO, JUDE FRITZ P. SALVALEON; SK Secretary: JOHN VINCENT P. CLOMA; SK Treasurer: JOY MAE E. PATALINGHOG. If that helps, tell me which one you want more details about.",faq
2025-10-25 09:00:25,nisrine.bacasmo@hcdc.edu.ph,Nisrine Bacasmo,How can I contact the SK Chairperson or SK officials?,faq_typo_match,"Hi Nisrine, You can contact SK Chairperson or SK officials through the following: Facebook: SK Buhangin Proper; Email: skbuhanginproper@gmail.com. Happy to show more info â€” just ask which one.",faq
2025-10-25 09:00:43,nisrine.bacasmo@hcdc.edu.ph,Nisrine Bacasmo,Thanks,thanks,"Hi Nisrine, Youâ€™re welcome! If you need anything else, Iâ€™m here to help.",meta
2025-10-25 09:07:14,ian@gmail.com,Vynce Ian Oani,my events,out_of_scope_faq,"Sorry, I can only answer FAQS related to the SK Council in Barangay Buhangin and events related to your interest/s.

Try asking something like:
- What documents are needed to join or update my kk membership
- How old do i have to be to be part of the katipunan ng kabataan
- What types of programs does the sk council usually implement",faq_filter
2025-10-25 09:09:30,ian@gmail.com,Vynce Ian Oani,show me upcoming events related to my interest?,Youth Empowerment,"Hi Vynce, I found 13 general events:

ğŸ“Œ Purchase of 21 ECCD School Plate (Education Support)
ğŸ“ To install various Early Childhood Care and Development (ECCD) School Plates among Day Care Centers of the Barangay for the Day Care Children and Parents to locate it easily.
ğŸ¯ Expected Result: 
ğŸ“… Implementation: 
ğŸ‘¥ Responsible: 
ğŸ”– Reference: 3000.0

ğŸ“Œ Honorarium (General Administration)
ğŸ“ Pursuant to RA No. 11768.
ğŸ¯ Expected Result: 
ğŸ“… Implementation: 
ğŸ‘¥ Responsible: 
ğŸ”– Reference: 

ğŸ“Œ KK General Assembly (General Administration)
ğŸ“ General Assembly will be conducted twice a year for updates and monitoring.
ğŸ¯ Expected Result: 
ğŸ“… Implementation: 
ğŸ‘¥ Responsible: 
ğŸ”– Reference: 1000.0

ğŸ“Œ MLBB (Sports)
ğŸ“ Mobile Legends Tournament
ğŸ¯ Expected Result: 
ğŸ“… Implementation: 
ğŸ‘¥ Responsible: 
ğŸ”– Reference: 1

ğŸ“Œ Basketball (General)
ğŸ“ 5v5 basketball tournament
ğŸ¯ Expected Result: 
ğŸ“… Implementation: 
ğŸ‘¥ Responsible: 
ğŸ”– Reference: 2

ğŸ“Œ Volleyball (General)
ğŸ“ Mixed volleyball tournament
ğŸ¯ Expected Result: 
ğŸ“… Implementation: 
ğŸ‘¥ Responsible: 
ğŸ”– Reference: 3

ğŸ“Œ fdsfs (General)
ğŸ“ fds
ğŸ¯ Expected Result: 
ğŸ“… Implementation: 
ğŸ‘¥ Responsible: 
ğŸ”– Reference: 19

ğŸ“Œ samok (General)
ğŸ“ samok
ğŸ¯ Expected Result: 
ğŸ“… Implementation: 
ğŸ‘¥ Responsible: 
ğŸ”– Reference: 20

ğŸ“Œ skk (General)
ğŸ“ sdkkdf
ğŸ¯ Expected Result: 
ğŸ“… Implementation: 
ğŸ‘¥ Responsible: 
ğŸ”– Reference: 21

ğŸ“Œ haaaaaaaaaa (General)
ğŸ“ haaa
ğŸ¯ Expected Result: 
ğŸ“… Implementation: 
ğŸ‘¥ Responsible: 
ğŸ”– Reference: 22

ğŸ“Œ nfsidnjk (General)
ğŸ“ hbnjfdnk
ğŸ¯ Expected Result: 
ğŸ“… Implementation: 
ğŸ‘¥ Responsible: 
ğŸ”– Reference: 23

ğŸ“Œ Seminar (General)
ğŸ“ dksfnd
ğŸ¯ Expected Result: 
ğŸ“… Implementation: 
ğŸ‘¥ Responsible: 
ğŸ”– Reference: 24

ğŸ“Œ Opening Ceremony (Ceremony)
ğŸ“ Kickoff event for the annual sports week.
ğŸ¯ Expected Result: 
ğŸ“… Implementation: 
ğŸ‘¥ Responsible: 
ğŸ”– Reference: 25

â”€â”€â”€â”€â”€â”€â”€â”€â”€â”€â”€â”€â”€â”€â”€â”€â”€â”€â”€â”€â”€â”€â”€â”€â”€â”€â”€â”€
ğŸ“… *Here are some upcoming general events from our database:*

ğŸ“Œ Basketball (General)
ğŸ“ 5v5 basketball tournament
ğŸ“… August 28, 2025
ğŸ“ Covered Court

ğŸ“Œ Volleyball (General)
ğŸ“ Mixed volleyball tournament
ğŸ“… August 29, 2025
ğŸ“ Barangay Gym

ğŸ“Œ fdsfs (General)
ğŸ“ fds
ğŸ“… October 30, 2025
ğŸ“ dsa

ğŸ“Œ samok (General)
ğŸ“ samok
ğŸ“… October 23, 2025
ğŸ“ dsads

ğŸ“Œ skk (General)
ğŸ“ sdkkdf
ğŸ“… October 23, 2025
ğŸ“ ds

ğŸ“Œ haaaaaaaaaa (General)
ğŸ“ haaa
ğŸ“… November 13, 2025
ğŸ“ dsfsd

ğŸ“Œ nfsidnjk (General)
ğŸ“ hbnjfdnk
ğŸ“… November 5, 2025
ğŸ“ dsfd

ğŸ“Œ Seminar (General)
ğŸ“ dksfnd
ğŸ“… October 29, 2025
ğŸ“ dsamklsd",event
2025-10-25 09:10:11,nisrine.bacasmo@hcdc.edu.ph,Nisrine Bacasmo,Show me the upcoming events?,Youth Empowerment,"Hi Nisrine, I found 13 general events:

ğŸ“Œ Purchase of 21 ECCD School Plate (Education Support)
ğŸ“ To install various Early Childhood Care and Development (ECCD) School Plates among Day Care Centers of the Barangay for the Day Care Children and Parents to locate it easily.
ğŸ¯ Expected Result: 
ğŸ“… Implementation: 
ğŸ‘¥ Responsible: 
ğŸ”– Reference: 3000.0

ğŸ“Œ Honorarium (General Administration)
ğŸ“ Pursuant to RA No. 11768.
ğŸ¯ Expected Result: 
ğŸ“… Implementation: 
ğŸ‘¥ Responsible: 
ğŸ”– Reference: 

ğŸ“Œ KK General Assembly (General Administration)
ğŸ“ General Assembly will be conducted twice a year for updates and monitoring.
ğŸ¯ Expected Result: 
ğŸ“… Implementation: 
ğŸ‘¥ Responsible: 
ğŸ”– Reference: 1000.0

ğŸ“Œ MLBB (Sports)
ğŸ“ Mobile Legends Tournament
ğŸ¯ Expected Result: 
ğŸ“… Implementation: 
ğŸ‘¥ Responsible: 
ğŸ”– Reference: 1

ğŸ“Œ Basketball (General)
ğŸ“ 5v5 basketball tournament
ğŸ¯ Expected Result: 
ğŸ“… Implementation: 
ğŸ‘¥ Responsible: 
ğŸ”– Reference: 2

ğŸ“Œ Volleyball (General)
ğŸ“ Mixed volleyball tournament
ğŸ¯ Expected Result: 
ğŸ“… Implementation: 
ğŸ‘¥ Responsible: 
ğŸ”– Reference: 3

ğŸ“Œ fdsfs (General)
ğŸ“ fds
ğŸ¯ Expected Result: 
ğŸ“… Implementation: 
ğŸ‘¥ Responsible: 
ğŸ”– Reference: 19

ğŸ“Œ samok (General)
ğŸ“ samok
ğŸ¯ Expected Result: 
ğŸ“… Implementation: 
ğŸ‘¥ Responsible: 
ğŸ”– Reference: 20

ğŸ“Œ skk (General)
ğŸ“ sdkkdf
ğŸ¯ Expected Result: 
ğŸ“… Implementation: 
ğŸ‘¥ Responsible: 
ğŸ”– Reference: 21

ğŸ“Œ haaaaaaaaaa (General)
ğŸ“ haaa
ğŸ¯ Expected Result: 
ğŸ“… Implementation: 
ğŸ‘¥ Responsible: 
ğŸ”– Reference: 22

ğŸ“Œ nfsidnjk (General)
ğŸ“ hbnjfdnk
ğŸ¯ Expected Result: 
ğŸ“… Implementation: 
ğŸ‘¥ Responsible: 
ğŸ”– Reference: 23

ğŸ“Œ Seminar (General)
ğŸ“ dksfnd
ğŸ¯ Expected Result: 
ğŸ“… Implementation: 
ğŸ‘¥ Responsible: 
ğŸ”– Reference: 24

ğŸ“Œ Opening Ceremony (Ceremony)
ğŸ“ Kickoff event for the annual sports week.
ğŸ¯ Expected Result: 
ğŸ“… Implementation: 
ğŸ‘¥ Responsible: 
ğŸ”– Reference: 25

â”€â”€â”€â”€â”€â”€â”€â”€â”€â”€â”€â”€â”€â”€â”€â”€â”€â”€â”€â”€â”€â”€â”€â”€â”€â”€â”€â”€
ğŸ“… *Here are some upcoming general events from our database:*

ğŸ“Œ Basketball (General)
ğŸ“ 5v5 basketball tournament
ğŸ“… August 28, 2025
ğŸ“ Covered Court

ğŸ“Œ Volleyball (General)
ğŸ“ Mixed volleyball tournament
ğŸ“… August 29, 2025
ğŸ“ Barangay Gym

ğŸ“Œ fdsfs (General)
ğŸ“ fds
ğŸ“… October 30, 2025
ğŸ“ dsa

ğŸ“Œ samok (General)
ğŸ“ samok
ğŸ“… October 23, 2025
ğŸ“ dsads

ğŸ“Œ skk (General)
ğŸ“ sdkkdf
ğŸ“… October 23, 2025
ğŸ“ ds

ğŸ“Œ haaaaaaaaaa (General)
ğŸ“ haaa
ğŸ“… November 13, 2025
ğŸ“ dsfsd

ğŸ“Œ nfsidnjk (General)
ğŸ“ hbnjfdnk
ğŸ“… November 5, 2025
ğŸ“ dsfd

ğŸ“Œ Seminar (General)
ğŸ“ dksfnd
ğŸ“… October 29, 2025
ğŸ“ dsamklsd",event
2025-10-25 09:10:31,nisrine.bacasmo@hcdc.edu.ph,Nisrine Bacasmo,Events for me,out_of_scope_faq,"Sorry, I can only answer FAQS related to the SK Council in Barangay Buhangin and events related to your interest/s.

Try asking something like:
- What is the role of the sk council in barangay buhangin
- What are the office hours of the sk council
- What health and wellness projects are available for the youth",faq_filter
2025-10-25 09:10:52,ian@gmail.com,Vynce Ian Oani,events related to me,out_of_scope_faq,"Sorry, I can only answer FAQS related to the SK Council in Barangay Buhangin and events related to your interest/s.

Try asking something like:
- Can out-of-school youth join sk activities
- How can i contact the sk chairperson or sk officials
- Can working students or youth with jobs still join sk programs",faq_filter
2025-10-25 09:11:28,ian@gmail.com,Vynce Ian Oani,show upcoming events for me?,Youth Empowerment,"Hi Vynce, I found 13 general events:

ğŸ“Œ Purchase of 21 ECCD School Plate (Education Support)
ğŸ“ To install various Early Childhood Care and Development (ECCD) School Plates among Day Care Centers of the Barangay for the Day Care Children and Parents to locate it easily.
ğŸ¯ Expected Result: 
ğŸ“… Implementation: 
ğŸ‘¥ Responsible: 
ğŸ”– Reference: 3000.0

ğŸ“Œ Honorarium (General Administration)
ğŸ“ Pursuant to RA No. 11768.
ğŸ¯ Expected Result: 
ğŸ“… Implementation: 
ğŸ‘¥ Responsible: 
ğŸ”– Reference: 

ğŸ“Œ KK General Assembly (General Administration)
ğŸ“ General Assembly will be conducted twice a year for updates and monitoring.
ğŸ¯ Expected Result: 
ğŸ“… Implementation: 
ğŸ‘¥ Responsible: 
ğŸ”– Reference: 1000.0

ğŸ“Œ MLBB (Sports)
ğŸ“ Mobile Legends Tournament
ğŸ¯ Expected Result: 
ğŸ“… Implementation: 
ğŸ‘¥ Responsible: 
ğŸ”– Reference: 1

ğŸ“Œ Basketball (General)
ğŸ“ 5v5 basketball tournament
ğŸ¯ Expected Result: 
ğŸ“… Implementation: 
ğŸ‘¥ Responsible: 
ğŸ”– Reference: 2

ğŸ“Œ Volleyball (General)
ğŸ“ Mixed volleyball tournament
ğŸ¯ Expected Result: 
ğŸ“… Implementation: 
ğŸ‘¥ Responsible: 
ğŸ”– Reference: 3

ğŸ“Œ fdsfs (General)
ğŸ“ fds
ğŸ¯ Expected Result: 
ğŸ“… Implementation: 
ğŸ‘¥ Responsible: 
ğŸ”– Reference: 19

ğŸ“Œ samok (General)
ğŸ“ samok
ğŸ¯ Expected Result: 
ğŸ“… Implementation: 
ğŸ‘¥ Responsible: 
ğŸ”– Reference: 20

ğŸ“Œ skk (General)
ğŸ“ sdkkdf
ğŸ¯ Expected Result: 
ğŸ“… Implementation: 
ğŸ‘¥ Responsible: 
ğŸ”– Reference: 21

ğŸ“Œ haaaaaaaaaa (General)
ğŸ“ haaa
ğŸ¯ Expected Result: 
ğŸ“… Implementation: 
ğŸ‘¥ Responsible: 
ğŸ”– Reference: 22

ğŸ“Œ nfsidnjk (General)
ğŸ“ hbnjfdnk
ğŸ¯ Expected Result: 
ğŸ“… Implementation: 
ğŸ‘¥ Responsible: 
ğŸ”– Reference: 23

ğŸ“Œ Seminar (General)
ğŸ“ dksfnd
ğŸ¯ Expected Result: 
ğŸ“… Implementation: 
ğŸ‘¥ Responsible: 
ğŸ”– Reference: 24

ğŸ“Œ Opening Ceremony (Ceremony)
ğŸ“ Kickoff event for the annual sports week.
ğŸ¯ Expected Result: 
ğŸ“… Implementation: 
ğŸ‘¥ Responsible: 
ğŸ”– Reference: 25

â”€â”€â”€â”€â”€â”€â”€â”€â”€â”€â”€â”€â”€â”€â”€â”€â”€â”€â”€â”€â”€â”€â”€â”€â”€â”€â”€â”€
ğŸ“… *Here are some upcoming general events from our database:*

ğŸ“Œ Basketball (General)
ğŸ“ 5v5 basketball tournament
ğŸ“… August 28, 2025
ğŸ“ Covered Court

ğŸ“Œ Volleyball (General)
ğŸ“ Mixed volleyball tournament
ğŸ“… August 29, 2025
ğŸ“ Barangay Gym

ğŸ“Œ fdsfs (General)
ğŸ“ fds
ğŸ“… October 30, 2025
ğŸ“ dsa

ğŸ“Œ samok (General)
ğŸ“ samok
ğŸ“… October 23, 2025
ğŸ“ dsads

ğŸ“Œ skk (General)
ğŸ“ sdkkdf
ğŸ“… October 23, 2025
ğŸ“ ds

ğŸ“Œ haaaaaaaaaa (General)
ğŸ“ haaa
ğŸ“… November 13, 2025
ğŸ“ dsfsd

ğŸ“Œ nfsidnjk (General)
ğŸ“ hbnjfdnk
ğŸ“… November 5, 2025
ğŸ“ dsfd

ğŸ“Œ Seminar (General)
ğŸ“ dksfnd
ğŸ“… October 29, 2025
ğŸ“ dsamklsd",event
2025-10-25 09:11:57,nisrine.bacasmo@hcdc.edu.ph,Nisrine Bacasmo,Upcoming events for me,Youth Empowerment,"Hi Nisrine, I found 13 general events:

ğŸ“Œ Purchase of 21 ECCD School Plate (Education Support)
ğŸ“ To install various Early Childhood Care and Development (ECCD) School Plates among Day Care Centers of the Barangay for the Day Care Children and Parents to locate it easily.
ğŸ¯ Expected Result: 
ğŸ“… Implementation: 
ğŸ‘¥ Responsible: 
ğŸ”– Reference: 3000.0

ğŸ“Œ Honorarium (General Administration)
ğŸ“ Pursuant to RA No. 11768.
ğŸ¯ Expected Result: 
ğŸ“… Implementation: 
ğŸ‘¥ Responsible: 
ğŸ”– Reference: 

ğŸ“Œ KK General Assembly (General Administration)
ğŸ“ General Assembly will be conducted twice a year for updates and monitoring.
ğŸ¯ Expected Result: 
ğŸ“… Implementation: 
ğŸ‘¥ Responsible: 
ğŸ”– Reference: 1000.0

ğŸ“Œ MLBB (Sports)
ğŸ“ Mobile Legends Tournament
ğŸ¯ Expected Result: 
ğŸ“… Implementation: 
ğŸ‘¥ Responsible: 
ğŸ”– Reference: 1

ğŸ“Œ Basketball (General)
ğŸ“ 5v5 basketball tournament
ğŸ¯ Expected Result: 
ğŸ“… Implementation: 
ğŸ‘¥ Responsible: 
ğŸ”– Reference: 2

ğŸ“Œ Volleyball (General)
ğŸ“ Mixed volleyball tournament
ğŸ¯ Expected Result: 
ğŸ“… Implementation: 
ğŸ‘¥ Responsible: 
ğŸ”– Reference: 3

ğŸ“Œ fdsfs (General)
ğŸ“ fds
ğŸ¯ Expected Result: 
ğŸ“… Implementation: 
ğŸ‘¥ Responsible: 
ğŸ”– Reference: 19

ğŸ“Œ samok (General)
ğŸ“ samok
ğŸ¯ Expected Result: 
ğŸ“… Implementation: 
ğŸ‘¥ Responsible: 
ğŸ”– Reference: 20

ğŸ“Œ skk (General)
ğŸ“ sdkkdf
ğŸ¯ Expected Result: 
ğŸ“… Implementation: 
ğŸ‘¥ Responsible: 
ğŸ”– Reference: 21

ğŸ“Œ haaaaaaaaaa (General)
ğŸ“ haaa
ğŸ¯ Expected Result: 
ğŸ“… Implementation: 
ğŸ‘¥ Responsible: 
ğŸ”– Reference: 22

ğŸ“Œ nfsidnjk (General)
ğŸ“ hbnjfdnk
ğŸ¯ Expected Result: 
ğŸ“… Implementation: 
ğŸ‘¥ Responsible: 
ğŸ”– Reference: 23

ğŸ“Œ Seminar (General)
ğŸ“ dksfnd
ğŸ¯ Expected Result: 
ğŸ“… Implementation: 
ğŸ‘¥ Responsible: 
ğŸ”– Reference: 24

ğŸ“Œ Opening Ceremony (Ceremony)
ğŸ“ Kickoff event for the annual sports week.
ğŸ¯ Expected Result: 
ğŸ“… Implementation: 
ğŸ‘¥ Responsible: 
ğŸ”– Reference: 25

â”€â”€â”€â”€â”€â”€â”€â”€â”€â”€â”€â”€â”€â”€â”€â”€â”€â”€â”€â”€â”€â”€â”€â”€â”€â”€â”€â”€
ğŸ“… *Here are some upcoming general events from our database:*

ğŸ“Œ Basketball (General)
ğŸ“ 5v5 basketball tournament
ğŸ“… August 28, 2025
ğŸ“ Covered Court

ğŸ“Œ Volleyball (General)
ğŸ“ Mixed volleyball tournament
ğŸ“… August 29, 2025
ğŸ“ Barangay Gym

ğŸ“Œ fdsfs (General)
ğŸ“ fds
ğŸ“… October 30, 2025
ğŸ“ dsa

ğŸ“Œ samok (General)
ğŸ“ samok
ğŸ“… October 23, 2025
ğŸ“ dsads

ğŸ“Œ skk (General)
ğŸ“ sdkkdf
ğŸ“… October 23, 2025
ğŸ“ ds

ğŸ“Œ haaaaaaaaaa (General)
ğŸ“ haaa
ğŸ“… November 13, 2025
ğŸ“ dsfsd

ğŸ“Œ nfsidnjk (General)
ğŸ“ hbnjfdnk
ğŸ“… November 5, 2025
ğŸ“ dsfd

ğŸ“Œ Seminar (General)
ğŸ“ dksfnd
ğŸ“… October 29, 2025
ğŸ“ dsamklsd",event
2025-10-25 09:14:37,nisrine.bacasmo@hcdc.edu.ph,Nisrine Bacasmo,Hi,greeting,"Hi Nisrine, Iâ€™m Skonnect Chatbot â€” how can I help you today?",meta
2025-10-25 09:14:58,nisrine.bacasmo@hcdc.edu.ph,Nisrine Bacasmo,What is the role of the SK Council in Barangay Buhangin?,faq_typo_match,"Hi Nisrine, SK Council in Brgy. Buhangin is to plan, initiate, and implement PPAs (Programs, Projects, and Activities) that promote youth welfare and development, aim to empower the youth, and equip them with necessary skills and abilities for involvement in nation-building. You can ask me for details or other interests anytime.",faq
2025-10-25 09:15:14,nisrine.bacasmo@hcdc.edu.ph,Nisrine Bacasmo,Who are the current SK officials in Brgy. Buhangin?,faq_typo_match,"Hi Nisrine, SK Chairman: RIZZA MAE BUSBOSO; SK Members: CRISTINA MAE VERZON, NORIEL R. CABAEL, ARA P. PABELONIA, LADY LEE P. BALIONG, JAY NITH M. TAN, MARK JAMES B. ASUMBRADO, JUDE FRITZ P. SALVALEON; SK Secretary: JOHN VINCENT P. CLOMA; SK Treasurer: JOY MAE E. PATALINGHOG. If that helps, tell me which one you want more details about.",faq
2025-10-25 09:15:35,nisrine.bacasmo@hcdc.edu.ph,Nisrine Bacasmo,Upcoming events for me,Youth Empowerment,"Hi Nisrine, I found 13 general events:

ğŸ“Œ Purchase of 21 ECCD School Plate (Education Support)
ğŸ“ To install various Early Childhood Care and Development (ECCD) School Plates among Day Care Centers of the Barangay for the Day Care Children and Parents to locate it easily.
ğŸ¯ Expected Result: 
ğŸ“… Implementation: 
ğŸ‘¥ Responsible: 
ğŸ”– Reference: 3000.0

ğŸ“Œ Honorarium (General Administration)
ğŸ“ Pursuant to RA No. 11768.
ğŸ¯ Expected Result: 
ğŸ“… Implementation: 
ğŸ‘¥ Responsible: 
ğŸ”– Reference: 

ğŸ“Œ KK General Assembly (General Administration)
ğŸ“ General Assembly will be conducted twice a year for updates and monitoring.
ğŸ¯ Expected Result: 
ğŸ“… Implementation: 
ğŸ‘¥ Responsible: 
ğŸ”– Reference: 1000.0

ğŸ“Œ MLBB (Sports)
ğŸ“ Mobile Legends Tournament
ğŸ¯ Expected Result: 
ğŸ“… Implementation: 
ğŸ‘¥ Responsible: 
ğŸ”– Reference: 1

ğŸ“Œ Basketball (General)
ğŸ“ 5v5 basketball tournament
ğŸ¯ Expected Result: 
ğŸ“… Implementation: 
ğŸ‘¥ Responsible: 
ğŸ”– Reference: 2

ğŸ“Œ Volleyball (General)
ğŸ“ Mixed volleyball tournament
ğŸ¯ Expected Result: 
ğŸ“… Implementation: 
ğŸ‘¥ Responsible: 
ğŸ”– Reference: 3

ğŸ“Œ fdsfs (General)
ğŸ“ fds
ğŸ¯ Expected Result: 
ğŸ“… Implementation: 
ğŸ‘¥ Responsible: 
ğŸ”– Reference: 19

ğŸ“Œ samok (General)
ğŸ“ samok
ğŸ¯ Expected Result: 
ğŸ“… Implementation: 
ğŸ‘¥ Responsible: 
ğŸ”– Reference: 20

ğŸ“Œ skk (General)
ğŸ“ sdkkdf
ğŸ¯ Expected Result: 
ğŸ“… Implementation: 
ğŸ‘¥ Responsible: 
ğŸ”– Reference: 21

ğŸ“Œ haaaaaaaaaa (General)
ğŸ“ haaa
ğŸ¯ Expected Result: 
ğŸ“… Implementation: 
ğŸ‘¥ Responsible: 
ğŸ”– Reference: 22

ğŸ“Œ nfsidnjk (General)
ğŸ“ hbnjfdnk
ğŸ¯ Expected Result: 
ğŸ“… Implementation: 
ğŸ‘¥ Responsible: 
ğŸ”– Reference: 23

ğŸ“Œ Seminar (General)
ğŸ“ dksfnd
ğŸ¯ Expected Result: 
ğŸ“… Implementation: 
ğŸ‘¥ Responsible: 
ğŸ”– Reference: 24

ğŸ“Œ Opening Ceremony (Ceremony)
ğŸ“ Kickoff event for the annual sports week.
ğŸ¯ Expected Result: 
ğŸ“… Implementation: 
ğŸ‘¥ Responsible: 
ğŸ”– Reference: 25

â”€â”€â”€â”€â”€â”€â”€â”€â”€â”€â”€â”€â”€â”€â”€â”€â”€â”€â”€â”€â”€â”€â”€â”€â”€â”€â”€â”€
ğŸ“… *Here are some upcoming general events from our database:*

ğŸ“Œ Basketball (General)
ğŸ“ 5v5 basketball tournament
ğŸ“… August 28, 2025
ğŸ“ Covered Court

ğŸ“Œ Volleyball (General)
ğŸ“ Mixed volleyball tournament
ğŸ“… August 29, 2025
ğŸ“ Barangay Gym

ğŸ“Œ fdsfs (General)
ğŸ“ fds
ğŸ“… October 30, 2025
ğŸ“ dsa

ğŸ“Œ samok (General)
ğŸ“ samok
ğŸ“… October 23, 2025
ğŸ“ dsads

ğŸ“Œ skk (General)
ğŸ“ sdkkdf
ğŸ“… October 23, 2025
ğŸ“ ds

ğŸ“Œ haaaaaaaaaa (General)
ğŸ“ haaa
ğŸ“… November 13, 2025
ğŸ“ dsfsd

ğŸ“Œ nfsidnjk (General)
ğŸ“ hbnjfdnk
ğŸ“… November 5, 2025
ğŸ“ dsfd

ğŸ“Œ Seminar (General)
ğŸ“ dksfnd
ğŸ“… October 29, 2025
ğŸ“ dsamklsd",event
2025-10-25 09:22:59,ian@gmail.com,Vynce Ian Oani,show me upcoming events?,Youth Empowerment,"Hi Vynce, I found 3 general events:

ğŸ“Œ Purchase of 21 ECCD School Plate (Education Support)
ğŸ“ To install various Early Childhood Care and Development (ECCD) School Plates among Day Care Centers of the Barangay for the Day Care Children and Parents to locate it easily.
ğŸ¯ Expected Result: The teachers, parents, pupils, and other stakeholders will recognize all of the Day Care centers of the Barangay.
ğŸ“… Implementation: Jun-25
ğŸ‘¥ Responsible: SK Kagawad Noriel Cabael
ğŸ”– Reference: 3000.0

ğŸ“Œ Honorarium (General Administration)
ğŸ“ Pursuant to RA No. 11768.
ğŸ¯ Expected Result: Functional SK Officials of Buhangin Proper.
ğŸ“… Implementation: JanÃ¢â‚¬â€œDec 2025
ğŸ‘¥ Responsible: SK Chairperson Rizza Mae Busboso
ğŸ”– Reference: 

ğŸ“Œ KK General Assembly (General Administration)
ğŸ“ General Assembly will be conducted twice a year for updates and monitoring.
ğŸ¯ Expected Result: To check and monitor SK Activities.
ğŸ“… Implementation: JanÃ¢â‚¬â€œDec 2025
ğŸ‘¥ Responsible: SK Chairperson Rizza Mae Busboso
ğŸ”– Reference: 1000.0",event
2025-10-25 09:43:04,nisrine.bacasmo@hcdc.edu.ph,Nisrine Bacasmo,What is the role of the SK Council in Barangay Buhangin?,faq_typo_match,"Hi Nisrine, The role of the SK Council in Barangay Buhangin is to plan, initiate, and implement PPAs (Programs, Projects, and Activities) that promote youth welfare and development, aim to empower the youth, and equip them with necessary skills and abilities for involvement in nation-building.",faq
2025-10-25 09:52:07,nisrine.bacasmo@hcdc.edu.ph,Nisrine Bacasmo,Show me upcoming events related to Basketball?,Youth Empowerment,"Hi Nisrine, Based on your interests in Sports Development, Iâ€™ve also included relevant general events under 'General Administration'.

Here are 3 event(s):

ğŸ“Œ SK-LYMPICS 2025 (SK OLYMPICS) (Sports Development)
ğŸ“ To gather our young people in the barangay to engage themselves in pageant and sports activities in line with Araw ng Barangay.
ğŸ¯ Expected Result: Youth staying away from bad vices including drugs. Healthy Youth Members.
ğŸ“… Implementation: 25-May
ğŸ‘¥ Responsible: SK Kagawad Mark James Asumbrado
ğŸ”– Reference: 3000.0

ğŸ“Œ Honorarium (General Administration)
ğŸ“ Pursuant to RA No. 11768.
ğŸ¯ Expected Result: Functional SK Officials of Buhangin Proper.
ğŸ“… Implementation: JanÃ¢â‚¬â€œDec 2025
ğŸ‘¥ Responsible: SK Chairperson Rizza Mae Busboso
ğŸ”– Reference: 

ğŸ“Œ KK General Assembly (General Administration)
ğŸ“ General Assembly will be conducted twice a year for updates and monitoring.
ğŸ¯ Expected Result: To check and monitor SK Activities.
ğŸ“… Implementation: JanÃ¢â‚¬â€œDec 2025
ğŸ‘¥ Responsible: SK Chairperson Rizza Mae Busboso
ğŸ”– Reference: 1000.0",event
2025-10-25 09:52:35,nisrine.bacasmo@hcdc.edu.ph,Nisrine Bacasmo,Show me upcoming events related to ESports?,Youth Empowerment,"Hi Nisrine, Based on your interests in Sports Development, Iâ€™ve also included relevant general events under 'General Administration'.

Here are 3 event(s):

ğŸ“Œ SK-LYMPICS 2025 (SK OLYMPICS) (Sports Development)
ğŸ“ To gather our young people in the barangay to engage themselves in pageant and sports activities in line with Araw ng Barangay.
ğŸ¯ Expected Result: Youth staying away from bad vices including drugs. Healthy Youth Members.
ğŸ“… Implementation: 25-May
ğŸ‘¥ Responsible: SK Kagawad Mark James Asumbrado
ğŸ”– Reference: 3000.0

ğŸ“Œ Honorarium (General Administration)
ğŸ“ Pursuant to RA No. 11768.
ğŸ¯ Expected Result: Functional SK Officials of Buhangin Proper.
ğŸ“… Implementation: JanÃ¢â‚¬â€œDec 2025
ğŸ‘¥ Responsible: SK Chairperson Rizza Mae Busboso
ğŸ”– Reference: 

ğŸ“Œ KK General Assembly (General Administration)
ğŸ“ General Assembly will be conducted twice a year for updates and monitoring.
ğŸ¯ Expected Result: To check and monitor SK Activities.
ğŸ“… Implementation: JanÃ¢â‚¬â€œDec 2025
ğŸ‘¥ Responsible: SK Chairperson Rizza Mae Busboso
ğŸ”– Reference: 1000.0",event
2025-10-25 09:52:44,nisrine.bacasmo@hcdc.edu.ph,Nisrine Bacasmo,Show me upcoming events related to ESports?,Youth Empowerment,"Hi Nisrine, Based on your interests in Sports Development, Iâ€™ve also included relevant general events under 'General Administration'.

Here are 3 event(s):

ğŸ“Œ SK-LYMPICS 2025 (SK OLYMPICS) (Sports Development)
ğŸ“ To gather our young people in the barangay to engage themselves in pageant and sports activities in line with Araw ng Barangay.
ğŸ¯ Expected Result: Youth staying away from bad vices including drugs. Healthy Youth Members.
ğŸ“… Implementation: 25-May
ğŸ‘¥ Responsible: SK Kagawad Mark James Asumbrado
ğŸ”– Reference: 3000.0

ğŸ“Œ Honorarium (General Administration)
ğŸ“ Pursuant to RA No. 11768.
ğŸ¯ Expected Result: Functional SK Officials of Buhangin Proper.
ğŸ“… Implementation: JanÃ¢â‚¬â€œDec 2025
ğŸ‘¥ Responsible: SK Chairperson Rizza Mae Busboso
ğŸ”– Reference: 

ğŸ“Œ KK General Assembly (General Administration)
ğŸ“ General Assembly will be conducted twice a year for updates and monitoring.
ğŸ¯ Expected Result: To check and monitor SK Activities.
ğŸ“… Implementation: JanÃ¢â‚¬â€œDec 2025
ğŸ‘¥ Responsible: SK Chairperson Rizza Mae Busboso
ğŸ”– Reference: 1000.0",event
2025-10-25 14:50:56,ian@gmail.com,Vynce Ian Oani,Show me upcoming events related to Basketball?,Youth Empowerment,"Hi Vynce, Based on your interests in Sports Development, Iâ€™ve also included relevant general events under 'General Administration'.

Here are 3 event(s):

ğŸ“Œ SK-LYMPICS 2025 (SK OLYMPICS) (Sports Development)
ğŸ“ To gather our young people in the barangay to engage themselves in pageant and sports activities in line with Araw ng Barangay.
ğŸ¯ Expected Result: Youth staying away from bad vices including drugs. Healthy Youth Members.
ğŸ“… Implementation: 25-May
ğŸ‘¥ Responsible: SK Kagawad Mark James Asumbrado
ğŸ”– Reference: 3000.0

ğŸ“Œ Honorarium (General Administration)
ğŸ“ Pursuant to RA No. 11768.
ğŸ¯ Expected Result: Functional SK Officials of Buhangin Proper.
ğŸ“… Implementation: JanÃ¢â‚¬â€œDec 2025
ğŸ‘¥ Responsible: SK Chairperson Rizza Mae Busboso
ğŸ”– Reference: 

ğŸ“Œ KK General Assembly (General Administration)
ğŸ“ General Assembly will be conducted twice a year for updates and monitoring.
ğŸ¯ Expected Result: To check and monitor SK Activities.
ğŸ“… Implementation: JanÃ¢â‚¬â€œDec 2025
ğŸ‘¥ Responsible: SK Chairperson Rizza Mae Busboso
ğŸ”– Reference: 1000.0",event
2025-10-25 15:02:48,ian@gmail.com,Vynce Ian Oani,Show me upcoming events related to Basketball?,Youth Empowerment,"Hi Vynce, Based on your interests in Sports Development, Iâ€™ve also included relevant general events under 'General Administration'.

Here are 3 event(s):

ğŸ“Œ SK-LYMPICS 2025 (SK OLYMPICS) (Sports Development)
ğŸ“ To gather our young people in the barangay to engage themselves in pageant and sports activities in line with Araw ng Barangay.
ğŸ¯ Expected Result: Youth staying away from bad vices including drugs. Healthy Youth Members.
ğŸ“… Implementation: 25-May
ğŸ‘¥ Responsible: SK Kagawad Mark James Asumbrado
ğŸ”– Reference: 3000.0

ğŸ“Œ Honorarium (General Administration)
ğŸ“ Pursuant to RA No. 11768.
ğŸ¯ Expected Result: Functional SK Officials of Buhangin Proper.
ğŸ“… Implementation: JanÃ¢â‚¬â€œDec 2025
ğŸ‘¥ Responsible: SK Chairperson Rizza Mae Busboso
ğŸ”– Reference: 

ğŸ“Œ KK General Assembly (General Administration)
ğŸ“ General Assembly will be conducted twice a year for updates and monitoring.
ğŸ¯ Expected Result: To check and monitor SK Activities.
ğŸ“… Implementation: JanÃ¢â‚¬â€œDec 2025
ğŸ‘¥ Responsible: SK Chairperson Rizza Mae Busboso
ğŸ”– Reference: 1000.0",event
2025-10-25 15:06:58,ian@gmail.com,Vynce Ian Oani,Show me upcoming events related to Basketball?,Youth Empowerment,"Hi Vynce, Based on your interests in Sports Development, Iâ€™ve also included relevant general events under 'General Administration'.

Here are 3 event(s):

ğŸ“Œ SK-LYMPICS 2025 (SK OLYMPICS) (Sports Development)
ğŸ“ To gather our young people in the barangay to engage themselves in pageant and sports activities in line with Araw ng Barangay.
ğŸ¯ Expected Result: Youth staying away from bad vices including drugs. Healthy Youth Members.
ğŸ“… Implementation: 25-May
ğŸ‘¥ Responsible: SK Kagawad Mark James Asumbrado
ğŸ”– Reference: 3000.0

ğŸ“Œ Honorarium (General Administration)
ğŸ“ Pursuant to RA No. 11768.
ğŸ¯ Expected Result: Functional SK Officials of Buhangin Proper.
ğŸ“… Implementation: JanÃ¢â‚¬â€œDec 2025
ğŸ‘¥ Responsible: SK Chairperson Rizza Mae Busboso
ğŸ”– Reference: 

ğŸ“Œ KK General Assembly (General Administration)
ğŸ“ General Assembly will be conducted twice a year for updates and monitoring.
ğŸ¯ Expected Result: To check and monitor SK Activities.
ğŸ“… Implementation: JanÃ¢â‚¬â€œDec 2025
ğŸ‘¥ Responsible: SK Chairperson Rizza Mae Busboso
ğŸ”– Reference: 1000.0",event
2025-10-25 15:22:43,ian@gmail.com,Vynce Ian Oani,registration fees for sk activities?,faq_typo_match,"Hi Vynce, Registration fees for SK activities?",faq
2025-10-25 15:22:48,ian@gmail.com,Vynce Ian Oani,yes,followup_generic,"Hi Vynce, Sure! What would you like to see next â€” upcoming events, announcements, SK programs, or details about KK membership?",faq
2025-10-25 15:23:29,ian@gmail.com,Vynce Ian Oani,announcements,faq_typo_match,"Hi Vynce, SK News & Updates - SK News & Updates - SK News & Updates - SK News & Updates - SK News & Updates - SK News & Updates - SK News & Updates - SK News & Updates - SK News & Updates - SK News & Updates - SK News & Updates - SK News & Updates - SK News & Updates - SK News & Updates - SK News & Updates - SK News & Updates - SK News & Updates - SK News & Updates - SK News & Updates - SK News & Updates - SK News & Updates - SK News & Updates - SK News & Updates - SK News & Updates - SK News & Updates - SK News & Updates - SK News & Updates - SK News & Updates - SK News ",faq
2025-10-25 15:24:06,ian@gmail.com,Vynce Ian Oani,Where is the SK office located in the barangay?,faq_typo_match,"Hi Vynce, SK office is located at Km. 6 San Francisco St. Brgy. Buhangin Proper, Davao City. You can ask me for details or other interests anytime.",faq
2025-10-25 15:24:26,ian@gmail.com,Vynce Ian Oani,"Are SK projects only for youth, or can the whole community benefit?",faq_typo_match,"Hi Vynce, PPAs are implemented and only intended for the youth. Additionally, we are also implementing PPAs that the whole Brgy Buhangin community can benefit from and enjoy. If that helps, tell me which one you want more details about.",faq
2025-10-25 15:24:39,ian@gmail.com,Vynce Ian Oani,What types of programs does the SK Council usually implement?,faq_typo_match,"Hi Vynce, SK Council usually implements programs aligned with the 10 centers of youth participation: Social Inclusion, Health, Agriculture, Active Citizenship, Peace Building and Security, Education, Environment, Economic Empowerment, Global Mobility and Governance",faq
2025-10-25 16:14:48,ian@gmail.com,Vynce Ian Oani,1+1,undetermined,"Hi Vynce, I couldn't understand that. Try asking me one of these:
- what is the role of the sk council in barangay buhangin?
- who are the current sk officials in brgy. buhangin?
- where is the sk office located in the barangay?
- what are the office hours of the sk council?
- how can i contact the sk chairperson or sk officials?",validation
